phi,hbW240E215,hbK70imi,W304rmsd,L199rot,M66cAcB,hbW304imi,bb66dihe,Cycle,I65rot,hbW304K70,L119rot,E16cAcB,o66orie,M18cBcG,M66cBcG,Min,K70cGcD,dW301Q109,hbW301W304,gamma,alpha,I197rot,hbI65acy,Frame,hbW239o66,hbS146phe,hbW230S111,hbW239o64,hbW301W230,hbW230W239,K70cDcE,hbW230E16,hbQ213acy,alphap,hbE16W239,S111rot,E16orie,hbW239acy,I65cAcB,M66cGsD,K70cBcG,hbW240imi,M18cGsD,hbW304E148,hbW301S111,hbW239E16,hbW260phe,S62rot,tau,hbW230Q109,E16rot,W301rmsd,Q109rot,beta,bE16oh,hbE16acy,hbW301o66,dW304Trp93,hbW240n2,hbR95imi,Omega,dW240Q42,hbK70E148,hbE215imi,Q213rot,hbW230o64,hbW230o66,hbK70W301
12.07,1.760,5.822,1.39187,-66.47,77.64,1.656,100.74,13,163.19,2.949,-44.28,190.78,163.43,167.05,169.53,v38s,189.28,4.146,3.688,25.77,31.09,95.65,3.230,50,4.403,1.65,6.115,4.661,4.347,3.611,78.38,1.736,3.041,205.05,1.336,291.13,29.73,1.489,42.61,271.44,292.18,4.520,62.15,6.907,1.762,1.981,1.675,68.93,7.83,1.869,144.99,2.79168,265.61,178.67,1.088,2.969,1.697,2.953,2.928,1.656,1.842,3.013,2.595,1.924,58.13,1.764,3.586,2.583
9.07,1.770,5.687,1.13683,-65.32,78.96,1.642,93.01,13,163.22,3.255,-50.07,186.49,178.34,160.65,172.04,v38s,187.38,4.343,1.775,20.72,28.11,171.61,3.249,100,4.150,1.66,5.235,4.994,4.002,3.818,78.16,1.744,2.284,203.47,1.337,290.73,43.66,1.496,41.40,263.43,292.54,4.344,62.89,6.708,3.924,1.874,1.652,72.15,5.03,1.899,152.35,1.38959,265.55,177.58,1.089,3.016,1.790,3.021,2.862,1.650,1.845,3.168,2.593,2.014,54.48,3.363,1.754,1.923
5.35,2.811,5.721,1.33936,-62.73,76.34,1.676,85.98,13,178.08,2.903,-56.35,189.80,189.70,159.15,175.46,v38s,190.44,4.139,3.933,25.12,24.83,170.07,3.300,150,3.890,1.66,4.969,5.043,3.688,3.773,76.74,1.720,3.599,199.20,1.335,293.34,37.31,1.498,46.19,273.08,292.07,3.805,65.81,6.871,1.755,1.938,1.657,71.76,7.07,1.889,147.51,2.76119,270.10,175.62,1.089,2.981,1.808,2.976,3.300,1.661,1.951,3.432,2.592,2.030,58.33,3.411,1.745,2.776
11.12,1.766,5.700,1.25672,-63.35,80.61,1.660,101.14,13,167.18,2.953,-39.97,187.94,164.92,169.78,168.15,v38s,190.32,4.079,3.695,24.02,26.33,95.19,3.298,200,4.657,1.65,6.102,4.757,4.317,3.822,76.68,1.766,2.238,199.53,1.344,292.35,37.94,1.495,45.95,259.09,290.83,4.590,57.83,6.862,1.769,1.966,1.670,67.76,7.25,1.869,151.98,2.66791,265.23,174.74,1.083,3.002,1.717,2.951,2.925,1.673,1.846,2.889,2.597,1.989,-68.31,1.776,3.501,2.652
